Name,SKU,Size,Color,Amount,Image,Cost,Price
Men's Puffer Jacket,M-JP-1-F18,S,BLK,24,,43,125
Men's Puffer Jacket,M-JP-1-F18,M,BLK,73,,43,125
Men's Puffer Jacket,M-JP-1-F18,L,BLK,74,,43,125
Men's Puffer Jacket,M-JP-1-F18,XL,BLK,82,,43,125
Men's Puffer Jacket,M-JP-1-F18,XXL,BLK,22,,43,125
Men's Puffer Jacket,M-JP-1-F18,S,MNV,23,,43,125
Men's Puffer Jacket,M-JP-1-F18,M,MNV,46,,43,125
Men's Puffer Jacket,M-JP-1-F18,L,MNV,39,,43,125
Men's Puffer Jacket,M-JP-1-F18,XL,MNV,49,,43,125
Men's Puffer Jacket,M-JP-1-F18,XXL,MNV,16,,43,125
Men's Puffer Jacket,M-JP-1-F18,S,ORG,0,,43,125
Men's Puffer Jacket,M-JP-1-F18,M,ORG,0,,43,125
Men's Puffer Jacket,M-JP-1-F18,L,ORG,0,,43,125
Men's Puffer Jacket,M-JP-1-F18,XL,ORG,0,,43,125
Men's Puffer Jacket,M-JP-1-F18,XXL,ORG,0,,43,125
Men's Puffer Jacket,M-JP-1-F18,S,TWL,13,,43,125
Men's Puffer Jacket,M-JP-1-F18,M,TWL,31,,43,125
Men's Puffer Jacket,M-JP-1-F18,L,TWL,33,,43,125
Men's Puffer Jacket,M-JP-1-F18,XL,TWL,41,,43,125
Men's Puffer Jacket,M-JP-1-F18,XXL,TWL,12,,43,125
Men's Jogger,M-PJ-1-F18,S,BLK,2,,27,0
Men's Jogger,M-PJ-1-F18,M,BLK,28,,27,0
Men's Jogger,M-PJ-1-F18,L,BLK,32,,27,0
Men's Jogger,M-PJ-1-F18,XL,BLK,29,,27,0
Men's Jogger,M-PJ-1-F18,XXL,BLK,9,,27,0
Men's Jogger,M-PJ-1-F18,S,CGR,10,,27,0
Men's Jogger,M-PJ-1-F18,M,CGR,39,,27,0
Men's Jogger,M-PJ-1-F18,L,CGR,45,,27,0
Men's Jogger,M-PJ-1-F18,XL,CGR,37,,27,0
Men's Jogger,M-PJ-1-F18,XXL,CGR,12,,27,0
Men's Jogger,M-PJ-1-F18,S,MNV,22,,27,0
Men's Jogger,M-PJ-1-F18,M,MNV,52,,27,0
Men's Jogger,M-PJ-1-F18,L,MNV,59,,27,0
Men's Jogger,M-PJ-1-F18,XL,MNV,44,,27,0
Men's Jogger,M-PJ-1-F18,XXL,MNV,16,,27,0
Men's Polo,M-PS-2-F19,S,HGR,40,,34,68
Men's Polo,M-PS-2-F19,M,HGR,66,,34,68
Men's Polo,M-PS-2-F19,L,HGR,51,,34,68
Men's Polo,M-PS-2-F19,XL,HGR,35,,34,68
Men's Polo,M-PS-2-F19,XXL,HGR,0,,34,68
Men's Polo,M-PS-2-F19,S,HNV,51,,34,68
Men's Polo,M-PS-2-F19,M,HNV,71,,34,68
Men's Polo,M-PS-2-F19,L,HNV,69,,34,68
Men's Polo,M-PS-2-F19,XL,HNV,54,,34,68
Men's Polo,M-PS-2-F19,XXL,HNV,8,,34,68
Men's Polo,M-PS-2-F19,S,HRD,49,,34,68
Men's Polo,M-PS-2-F19,M,HRD,88,,34,68
Men's Polo,M-PS-2-F19,L,HRD,89,,34,68
Men's Polo,M-PS-2-F19,XL,HRD,59,,34,68
Men's Polo,M-PS-2-F19,XXL,HRD,11,,34,68
Men's Polo,M-PS-2-F19,S,OML,0,,34,68
Men's Polo,M-PS-2-F19,M,OML,0,,34,68
Men's Polo,M-PS-2-F19,L,OML,0,,34,68
Men's Polo,M-PS-2-F19,XL,OML,0,,34,68
Men's Polo,M-PS-2-F19,XXL,OML,0,,34,68
Men's Polo,M-PS-2-F19,S,DCH,40,,34,68
Men's Polo,M-PS-2-F19,M,DCH,72,,34,68
Men's Polo,M-PS-2-F19,L,DCH,70,,34,68
Men's Polo,M-PS-2-F19,XL,DCH,51,,34,68
Men's Polo,M-PS-2-F19,XXL,DCH,7,,34,68
Men's Polo,M-PS-2-F19,S,WHT,48,,34,68
Men's Polo,M-PS-2-F19,M,WHT,86,,34,68
Men's Polo,M-PS-2-F19,L,WHT,86,,34,68
Men's Polo,M-PS-2-F19,XL,WHT,60,,34,68
Men's Polo,M-PS-2-F19,XXL,WHT,11,,34,68
Men's Shorts,M-SP-1-S19,S,BLK,7,,,
Men's Shorts,M-SP-1-S19,M,BLK,24,,,
Men's Shorts,M-SP-1-S19,L,BLK,30,,,
Men's Shorts,M-SP-1-S19,XL,BLK,27,,,
Men's Shorts,M-SP-1-S19,XXL,BLK,8,,,
Men's Shorts,M-SP-1-S19,S,MNV,24,,,
Men's Shorts,M-SP-1-S19,M,MNV,55,,,
Men's Shorts,M-SP-1-S19,L,MNV,58,,,
Men's Shorts,M-SP-1-S19,XL,MNV,47,,,
Men's Shorts,M-SP-1-S19,XXL,MNV,15,,,
Men's Shorts,M-SP-1-S19,S,CGR,23,,,
Men's Shorts,M-SP-1-S19,M,CGR,54,,,
Men's Shorts,M-SP-1-S19,L,CGR,57,,,
Men's Shorts,M-SP-1-S19,XL,CGR,45,,,
Men's Shorts,M-SP-1-S19,XXL,CGR,15,,,
Men's Crew Neck Shirt,M-SST-1-F18,S,HRD,9,,25.87,48
Men's Crew Neck Shirt,M-SST-1-F18,M,HRD,41,,25.87,48
Men's Crew Neck Shirt,M-SST-1-F18,L,HRD,33,,25.87,48
Men's Crew Neck Shirt,M-SST-1-F18,XL,HRD,26,,25.87,48
Men's Crew Neck Shirt,M-SST-1-F18,XXL,HRD,8,,25.87,48
Men's Crew Neck Shirt,M-SST-1-F18,S,WHT,0,,25.87,48
Men's Crew Neck Shirt,M-SST-1-F18,M,WHT,0,,25.87,48
Men's Crew Neck Shirt,M-SST-1-F18,L,WHT,0,,25.87,48
Men's Crew Neck Shirt,M-SST-1-F18,XL,WHT,0,,25.87,48
Men's Crew Neck Shirt,M-SST-1-F18,XXL,WHT,0,,25.87,48
Men's Crew Neck Shirt,M-SST-1-F18,S,BLK,18,,25.87,48
Men's Crew Neck Shirt,M-SST-1-F18,M,BLK,53,,25.87,48
Men's Crew Neck Shirt,M-SST-1-F18,L,BLK,60,,25.87,48
Men's Crew Neck Shirt,M-SST-1-F18,XL,BLK,29,,25.87,48
Men's Crew Neck Shirt,M-SST-1-F18,XXL,BLK,13,,25.87,48
Men's Crew Neck Shirt,M-SST-1-F18,S,HGR,12,,25.87,48
Men's Crew Neck Shirt,M-SST-1-F18,M,HGR,49,,25.87,48
Men's Crew Neck Shirt,M-SST-1-F18,L,HGR,43,,25.87,48
Men's Crew Neck Shirt,M-SST-1-F18,XL,HGR,29,,25.87,48
Men's Crew Neck Shirt,M-SST-1-F18,XXL,HGR,13,,25.87,48
Men's Crew Neck Shirt,M-SST-1-F18,S,HNV,0,,25.87,48
Men's Crew Neck Shirt,M-SST-1-F18,M,HNV,10,,25.87,48
Men's Crew Neck Shirt,M-SST-1-F18,L,HNV,4,,25.87,48
Men's Crew Neck Shirt,M-SST-1-F18,XL,HNV,7,,25.87,48
Men's Crew Neck Shirt,M-SST-1-F18,XXL,HNV,14,,25.87,48
Men's Crew Neck Shirt,M-SST-1-F18,S,OAT,19,,25.87,48
Men's Crew Neck Shirt,M-SST-1-F18,M,OAT,56,,25.87,48
Men's Crew Neck Shirt,M-SST-1-F18,L,OAT,65,,25.87,48
Men's Crew Neck Shirt,M-SST-1-F18,XL,OAT,39,,25.87,48
Men's Crew Neck Shirt,M-SST-1-F18,XXL,OAT,16,,25.87,48
Men's Crew Neck Shirt,M-SST-1-F18,S,TWL,36,,25.87,48
Men's Crew Neck Shirt,M-SST-1-F18,M,TWL,89,,25.87,48
Men's Crew Neck Shirt,M-SST-1-F18,L,TWL,90,,25.87,48
Men's Crew Neck Shirt,M-SST-1-F18,XL,TWL,60,,25.87,48
Men's Crew Neck Shirt,M-SST-1-F18,XXL,TWL,24,,25.87,48
Men's Puffer Vest,M-VP-1-F18,S,BLK,26,,36,88
Men's Puffer Vest,M-VP-1-F18,M,BLK,53,,36,88
Men's Puffer Vest,M-VP-1-F18,L,BLK,51,,36,88
Men's Puffer Vest,M-VP-1-F18,XL,BLK,55,,36,88
Men's Puffer Vest,M-VP-1-F18,XXL,BLK,25,,36,88
Men's Puffer Vest,M-VP-1-F18,S,CHR,30,,36,88
Men's Puffer Vest,M-VP-1-F18,M,CHR,65,,36,88
Men's Puffer Vest,M-VP-1-F18,L,CHR,71,,36,88
Men's Puffer Vest,M-VP-1-F18,XL,CHR,64,,36,88
Men's Puffer Vest,M-VP-1-F18,XXL,CHR,27,,36,88
Men's Puffer Vest,M-VP-1-F18,S,MNV,25,,36,88
Men's Puffer Vest,M-VP-1-F18,M,MNV,65,,36,88
Men's Puffer Vest,M-VP-1-F18,L,MNV,62,,36,88
Men's Puffer Vest,M-VP-1-F18,XL,MNV,65,,36,88
Men's Puffer Vest,M-VP-1-F18,XXL,MNV,27,,36,88
Men's Puffer Vest,M-VP-1-F18,S,TWL,32,,36,88
Men's Puffer Vest,M-VP-1-F18,M,TWL,64,,36,88
Men's Puffer Vest,M-VP-1-F18,L,TWL,68,,36,88
Men's Puffer Vest,M-VP-1-F18,XL,TWL,64,,36,88
Men's Puffer Vest,M-VP-1-F18,XXL,TWL,35,,36,88
Men's Puffer Vest,M-VP-1-F18,S,ORG,0,,36,88
Men's Puffer Vest,M-VP-1-F18,M,ORG,0,,36,88
Men's Puffer Vest,M-VP-1-F18,L,ORG,0,,36,88
Men's Puffer Vest,M-VP-1-F18,XL,ORG,0,,36,88
Men's Puffer Vest,M-VP-1-F18,XXL,ORG,0,,36,88
Women's Ivy Sports Bra,W-ISB-2-F18,XS,BLKB,28,,16.79,58
Women's Ivy Sports Bra,W-ISB-2-F18,S,BLKB,59,,16.79,58
Women's Ivy Sports Bra,W-ISB-2-F18,M,BLKB,56,,16.79,58
Women's Ivy Sports Bra,W-ISB-2-F18,L,BLKB,69,,16.79,58
Women's Ivy Sports Bra,W-ISB-2-F18,XL,BLKB,27,,16.79,58
Women's Ivy Sports Bra,W-ISB-2-F18,XS,HSLT,53,,16.79,58
Women's Ivy Sports Bra,W-ISB-2-F18,S,HSLT,114,,16.79,58
Women's Ivy Sports Bra,W-ISB-2-F18,M,HSLT,125,,16.79,58
Women's Ivy Sports Bra,W-ISB-2-F18,L,HSLT,120,,16.79,58
Women's Ivy Sports Bra,W-ISB-2-F18,XL,HSLT,59,,16.79,58
Women's Puffer Jacket,W-JP-1-F18,XXL,BLK,4,,43,125
Women's Puffer Jacket,W-JP-1-F18,XXL,IVR,10,,43,125
Women's Puffer Jacket,W-JP-1-F18,XXL,MNV,4,,43,125
Women's Puffer Jacket,W-JP-1-F18,XXL,ORG,0,,43,125
Women's Puffer Jacket,W-JP-1-F18,XXL,TWL,4,,43,125
Women's Puffer Jacket,W-JP-1-F18,XS,BLK,35,,43,125
Women's Puffer Jacket,W-JP-1-F18,S,BLK,143,,43,125
Women's Puffer Jacket,W-JP-1-F18,M,BLK,141,,43,125
Women's Puffer Jacket,W-JP-1-F18,L,BLK,130,,43,125
Women's Puffer Jacket,W-JP-1-F18,XL,BLK,37,,43,125
Women's Puffer Jacket,W-JP-1-F18,XS,IVR,22,,43,125
Women's Puffer Jacket,W-JP-1-F18,S,IVR,66,,43,125
Women's Puffer Jacket,W-JP-1-F18,M,IVR,70,,43,125
Women's Puffer Jacket,W-JP-1-F18,L,IVR,59,,43,125
Women's Puffer Jacket,W-JP-1-F18,XL,IVR,20,,43,125
Women's Puffer Jacket,W-JP-1-F18,XS,MNV,12,,43,125
Women's Puffer Jacket,W-JP-1-F18,S,MNV,10,,43,125
Women's Puffer Jacket,W-JP-1-F18,M,MNV,0,,43,125
Women's Puffer Jacket,W-JP-1-F18,L,MNV,4,,43,125
Women's Puffer Jacket,W-JP-1-F18,XL,MNV,0,,43,125
Women's Puffer Jacket,W-JP-1-F18,XS,ORG,0,,43,125
Women's Puffer Jacket,W-JP-1-F18,S,ORG,0,,43,125
Women's Puffer Jacket,W-JP-1-F18,M,ORG,0,,43,125
Women's Puffer Jacket,W-JP-1-F18,L,ORG,0,,43,125
Women's Puffer Jacket,W-JP-1-F18,XL,ORG,0,,43,125
Women's Puffer Jacket,W-JP-1-F18,XS,TWL,10,,43,125
Women's Puffer Jacket,W-JP-1-F18,S,TWL,35,,43,125
Women's Puffer Jacket,W-JP-1-F18,M,TWL,36,,43,125
Women's Puffer Jacket,W-JP-1-F18,L,TWL,34,,43,125
Women's Puffer Jacket,W-JP-1-F18,XL,TWL,18,,43,125
Women's 7/8 Leggings,W-LC-3-F18,XS,BLKB,5,,25.51,0
Women's 7/8 Leggings,W-LC-3-F18,S,BLKB,2,,25.51,0
Women's 7/8 Leggings,W-LC-3-F18,M,BLKB,13,,25.51,0
Women's 7/8 Leggings,W-LC-3-F18,L,BLKB,4,,25.51,0
Women's 7/8 Leggings,W-LC-3-F18,XL,BLKB,0,,25.51,0
Women's Side Pocket Legging,W-LF-4-F18,XS,HGR,65,,29.12,78
Women's Side Pocket Legging,W-LF-4-F18,S,HGR,183,,29.12,78
Women's Side Pocket Legging,W-LF-4-F18,M,HGR,191,,29.12,78
Women's Side Pocket Legging,W-LF-4-F18,L,HGR,107,,29.12,78
Women's Side Pocket Legging,W-LF-4-F18,XL,HGR,43,,29.12,78
Women's Side Pocket Legging,W-LF-4-F18,XS,BLKB,118,,29.12,78
Women's Side Pocket Legging,W-LF-4-F18,S,BLKB,301,,29.12,78
Women's Side Pocket Legging,W-LF-4-F18,M,BLKB,316,,29.12,78
Women's Side Pocket Legging,W-LF-4-F18,L,BLKB,201,,29.12,78
Women's Side Pocket Legging,W-LF-4-F18,XL,BLKB,75,,29.12,78
Women's Side Pocket Legging,W-LF-4-F18,XS,HNV,81,,29.12,78
Women's Side Pocket Legging,W-LF-4-F18,S,HNV,205,,29.12,78
Women's Side Pocket Legging,W-LF-4-F18,M,HNV,189,,29.12,78
Women's Side Pocket Legging,W-LF-4-F18,L,HNV,133,,29.12,78
Women's Side Pocket Legging,W-LF-4-F18,XL,HNV,61,,29.12,78
Women's Legging-Full Length,W-LF-5-F18,XS,BLKB,1,,19.98,78
Women's Legging-Full Length,W-LF-5-F18,S,BLKB,15,,19.98,78
Women's Legging-Full Length,W-LF-5-F18,M,BLKB,27,,19.98,78
Women's Legging-Full Length,W-LF-5-F18,L,BLKB,10,,19.98,78
Women's Legging-Full Length,W-LF-5-F18,XL,BLKB,0,,19.98,78
Women's Legging-Full Length,W-LF-5-F18,XS,MNV,21,,19.98,78
Women's Legging-Full Length,W-LF-5-F18,S,MNV,41,,19.98,78
Women's Legging-Full Length,W-LF-5-F18,M,MNV,49,,19.98,78
Women's Legging-Full Length,W-LF-5-F18,L,MNV,28,,19.98,78
Women's Legging-Full Length,W-LF-5-F18,XL,MNV,8,,19.98,78
Women's Legging-Full Length,W-LF-5-F18,XS,SBLU,6,,19.98,78
Women's Legging-Full Length,W-LF-5-F18,S,SBLU,12,,19.98,78
Women's Legging-Full Length,W-LF-5-F18,M,SBLU,19,,19.98,78
Women's Legging-Full Length,W-LF-5-F18,L,SBLU,9,,19.98,78
Women's Legging-Full Length,W-LF-5-F18,XL,SBLU,4,,19.98,78
Women's Long Sleeve Tee,W-LST-1-F17,XS,TWL,20,,14.88,0
Women's Long Sleeve Tee,W-LST-1-F17,S,TWL,54,,14.88,0
Women's Long Sleeve Tee,W-LST-1-F17,M,TWL,45,,14.88,0
Women's Long Sleeve Tee,W-LST-1-F17,L,TWL,16,,14.88,0
Women's Long Sleeve Tee,W-LST-1-F17,XL,TWL,18,,14.88,0
Women's Jogger,W-PJ-1-F18,XS,BLK,12,,20,0
Women's Jogger,W-PJ-1-F18,S,BLK,32,,20,0
Women's Jogger,W-PJ-1-F18,M,BLK,41,,20,0
Women's Jogger,W-PJ-1-F18,L,BLK,45,,20,0
Women's Jogger,W-PJ-1-F18,XL,BLK,23,,20,0
Women's Jogger,W-PJ-1-F18,XS,CHR,25,,20,0
Women's Jogger,W-PJ-1-F18,S,CHR,46,,20,0
Women's Jogger,W-PJ-1-F18,M,CHR,46,,20,0
Women's Jogger,W-PJ-1-F18,L,CHR,50,,20,0
Women's Jogger,W-PJ-1-F18,XL,CHR,25,,20,0
Women's Jogger,W-PJ-1-F18,XS,MNV,23,,20,0
Women's Jogger,W-PJ-1-F18,S,MNV,46,,20,0
Women's Jogger,W-PJ-1-F18,M,MNV,46,,20,0
Women's Jogger,W-PJ-1-F18,L,MNV,46,,20,0
Women's Jogger,W-PJ-1-F18,XL,MNV,23,,20,0
Women's Racerback Tank,W-RB-3-F18,XS,BLKB,243,,15.2,48
Women's Racerback Tank,W-RB-3-F18,S,BLKB,491,,15.2,48
Women's Racerback Tank,W-RB-3-F18,M,BLKB,521,,15.2,48
Women's Racerback Tank,W-RB-3-F18,L,BLKB,381,,15.2,48
Women's Racerback Tank,W-RB-3-F18,XL,BLKB,212,,15.2,48
Women's Racerback Tank,W-RB-3-F18,XS,GRYB,122,,15.2,48
Women's Racerback Tank,W-RB-3-F18,S,GRYB,254,,15.2,48
Women's Racerback Tank,W-RB-3-F18,M,GRYB,293,,15.2,48
Women's Racerback Tank,W-RB-3-F18,L,GRYB,208,,15.2,48
Women's Racerback Tank,W-RB-3-F18,XL,GRYB,95,,15.2,48
Women's Racerback Tank,W-RB-3-F18,XS,IVYB,85,,15.2,48
Women's Racerback Tank,W-RB-3-F18,S,IVYB,228,,15.2,48
Women's Racerback Tank,W-RB-3-F18,M,IVYB,235,,15.2,48
Women's Racerback Tank,W-RB-3-F18,L,IVYB,171,,15.2,48
Women's Racerback Tank,W-RB-3-F18,XL,IVYB,57,,15.2,48
Women's Racerback Tank,W-RB-3-F18,XS,RED,111,,15.2,48
Women's Racerback Tank,W-RB-3-F18,S,RED,198,,15.2,48
Women's Racerback Tank,W-RB-3-F18,M,RED,200,,15.2,48
Women's Racerback Tank,W-RB-3-F18,L,RED,171,,15.2,48
Women's Racerback Tank,W-RB-3-F18,XL,RED,101,,15.2,48
Women's Racerback Tank,W-RB-3-F18,XS,WHT,176,,15.2,48
Women's Racerback Tank,W-RB-3-F18,S,WHT,353,,15.2,48
Women's Racerback Tank,W-RB-3-F18,M,WHT,360,,15.2,48
Women's Racerback Tank,W-RB-3-F18,L,WHT,246,,15.2,48
Women's Racerback Tank,W-RB-3-F18,XL,WHT,167,,15.2,48
Women's Tempo Bra-Long Line,W-RSB-2-F18,XS,BLKB,39,,21.62,58
Women's Tempo Bra-Long Line,W-RSB-2-F18,S,BLKB,73,,21.62,58
Women's Tempo Bra-Long Line,W-RSB-2-F18,M,BLKB,88,,21.62,58
Women's Tempo Bra-Long Line,W-RSB-2-F18,L,BLKB,57,,21.62,58
Women's Tempo Bra-Long Line,W-RSB-2-F18,XL,BLKB,40,,21.62,58
Women's Tempo Bra-Long Line,W-RSB-2-F18,XS,HSLT,59,,21.62,58
Women's Tempo Bra-Long Line,W-RSB-2-F18,S,HSLT,110,,21.62,58
Women's Tempo Bra-Long Line,W-RSB-2-F18,M,HSLT,112,,21.62,58
Women's Tempo Bra-Long Line,W-RSB-2-F18,L,HSLT,93,,21.62,58
Women's Tempo Bra-Long Line,W-RSB-2-F18,XL,HSLT,54,,21.62,58
Women's Tempo Bra-Long Line,W-RSB-2-F18,XS,MNV,56,,21.62,58
Women's Tempo Bra-Long Line,W-RSB-2-F18,S,MNV,91,,21.62,58
Women's Tempo Bra-Long Line,W-RSB-2-F18,M,MNV,105,,21.62,58
Women's Tempo Bra-Long Line,W-RSB-2-F18,L,MNV,88,,21.62,58
Women's Tempo Bra-Long Line,W-RSB-2-F18,XL,MNV,41,,21.62,58
Women's Core Run Short,W-SH-1-F18,XS,CBN,81,,22.27,52
Women's Core Run Short,W-SH-1-F18,S,CBN,153,,22.27,52
Women's Core Run Short,W-SH-1-F18,M,CBN,153,,22.27,52
Women's Core Run Short,W-SH-1-F18,L,CBN,114,,22.27,52
Women's Core Run Short,W-SH-1-F18,XL,CBN,58,,22.27,52
Women's Core Run Short,W-SH-1-F18,XS,BLK,215,,22.27,52
Women's Core Run Short,W-SH-1-F18,S,BLK,336,,22.27,52
Women's Core Run Short,W-SH-1-F18,M,BLK,360,,22.27,52
Women's Core Run Short,W-SH-1-F18,L,BLK,285,,22.27,52
Women's Core Run Short,W-SH-1-F18,XL,BLK,156,,22.27,52
Women's Core Run Short,W-SH-1-F18,XS,NVY,76,,22.27,52
Women's Core Run Short,W-SH-1-F18,S,NVY,149,,22.27,52
Women's Core Run Short,W-SH-1-F18,M,NVY,146,,22.27,52
Women's Core Run Short,W-SH-1-F18,L,NVY,116,,22.27,52
Women's Core Run Short,W-SH-1-F18,XL,NVY,62,,22.27,52
Women's Core Run Short,W-SH-1-F18,XS,TPG,80,,22.27,52
Women's Core Run Short,W-SH-1-F18,S,TPG,156,,22.27,52
Women's Core Run Short,W-SH-1-F18,M,TPG,154,,22.27,52
Women's Core Run Short,W-SH-1-F18,L,TPG,105,,22.27,52
Women's Core Run Short,W-SH-1-F18,XL,TPG,51,,22.27,52
Women's Core Run Short,W-SH-1-F18,XS,TPB,81,,22.27,52
Women's Core Run Short,W-SH-1-F18,S,TPB,148,,22.27,52
Women's Core Run Short,W-SH-1-F18,M,TPB,144,,22.27,52
Women's Core Run Short,W-SH-1-F18,L,TPB,102,,22.27,52
Women's Core Run Short,W-SH-1-F18,XL,TPB,52,,22.27,52
Womens Biker Short,W-SHB-1-F19,XS,BLK,75,,19.98,58
Womens Biker Short,W-SHB-1-F19,S,BLK,152,,19.98,58
Womens Biker Short,W-SHB-1-F19,M,BLK,149,,19.98,58
Womens Biker Short,W-SHB-1-F19,L,BLK,118,,19.98,58
Womens Biker Short,W-SHB-1-F19,XL,BLK,46,,19.98,58
Women's Core Performance Skirt,W-SK-1-F17,XS,BLK,36,,30.31,79
Women's Core Performance Skirt,W-SK-1-F17,S,BLK,41,,30.31,79
Women's Core Performance Skirt,W-SK-1-F17,M,BLK,36,,30.31,79
Women's Core Performance Skirt,W-SK-1-F17,L,BLK,47,,30.31,79
Women's Core Performance Skirt,W-SK-1-F17,XL,BLK,32,,30.31,79
Women's Core Performance Skirt,W-SK-1-F17,XS,MCA,,,30.31,79
Women's Core Performance Skirt,W-SK-1-F17,S,MCA,,,30.31,79
Women's Core Performance Skirt,W-SK-1-F17,M,MCA,,,30.31,79
Women's Core Performance Skirt,W-SK-1-F17,L,MCA,,,30.31,79
Women's Core Performance Skirt,W-SK-1-F17,XL,MCA,,,30.31,79
Women's Core Performance Skirt,W-SK-1-F17,XS,BCA,,,30.31,79
Women's Core Performance Skirt,W-SK-1-F17,S,BCA,,,30.31,79
Women's Core Performance Skirt,W-SK-1-F17,M,BCA,,,30.31,79
Women's Core Performance Skirt,W-SK-1-F17,L,BCA,,,30.31,79
Women's Core Performance Skirt,W-SK-1-F17,XL,BCA,,,30.31,79
Women's Core Performance Skirt,W-SK-1-F17,XS,NVY,16,,30.31,79
Women's Core Performance Skirt,W-SK-1-F17,S,NVY,22,,30.31,79
Women's Core Performance Skirt,W-SK-1-F17,M,NVY,24,,30.31,79
Women's Core Performance Skirt,W-SK-1-F17,L,NVY,26,,30.31,79
Women's Core Performance Skirt,W-SK-1-F17,XL,NVY,20,,30.31,79
Women's Core Performance Skirt,W-SK-1-F17,XS,GSK,,,30.31,79
Women's Core Performance Skirt,W-SK-1-F17,S,GSK,,,30.31,79
Women's Core Performance Skirt,W-SK-1-F17,M,GSK,,,30.31,79
Women's Core Performance Skirt,W-SK-1-F17,L,GSK,,,30.31,79
Women's Core Performance Skirt,W-SK-1-F17,XL,GSK,,,30.31,79
Women's Raglan Shirt,W-TL-1-F17,XS,OML,25,,18.79,52
Women's Raglan Shirt,W-TL-1-F17,S,OML,25,,18.79,52
Women's Raglan Shirt,W-TL-1-F17,M,OML,43,,18.79,52
Women's Raglan Shirt,W-TL-1-F17,L,OML,43,,18.79,52
Women's Raglan Shirt,W-TL-1-F17,XL,OML,27,,18.79,52
Women's Raglan Shirt,W-TL-1-F17,XS,HNV,189,,18.79,52
Women's Raglan Shirt,W-TL-1-F17,S,HNV,342,,18.79,52
Women's Raglan Shirt,W-TL-1-F17,M,HNV,365,,18.79,52
Women's Raglan Shirt,W-TL-1-F17,L,HNV,233,,18.79,52
Women's Raglan Shirt,W-TL-1-F17,XL,HNV,157,,18.79,52
Women's Raglan Shirt,W-TL-1-F17,XS,WNE,12,,18.79,52
Women's Raglan Shirt,W-TL-1-F17,S,WNE,16,,18.79,52
Women's Raglan Shirt,W-TL-1-F17,M,WNE,8,,18.79,52
Women's Raglan Shirt,W-TL-1-F17,L,WNE,18,,18.79,52
Women's Raglan Shirt,W-TL-1-F17,XL,WNE,6,,18.79,52
Women's Raglan Shirt,W-TL-1-F17,XS,BLK,121,,18.79,52
Women's Raglan Shirt,W-TL-1-F17,S,BLK,231,,18.79,52
Women's Raglan Shirt,W-TL-1-F17,M,BLK,233,,18.79,52
Women's Raglan Shirt,W-TL-1-F17,L,BLK,176,,18.79,52
Women's Raglan Shirt,W-TL-1-F17,XL,BLK,90,,18.79,52
Women's Raglan Shirt,W-TL-1-F17,XS,HGR,166,,18.79,52
Women's Raglan Shirt,W-TL-1-F17,S,HGR,326,,18.79,52
Women's Raglan Shirt,W-TL-1-F17,M,HGR,301,,18.79,52
Women's Raglan Shirt,W-TL-1-F17,L,HGR,218,,18.79,52
Women's Raglan Shirt,W-TL-1-F17,XL,HGR,148,,18.79,52
Women's Raglan Shirt,W-TL-1-F17,XS,WHT,143,,18.79,52
Women's Raglan Shirt,W-TL-1-F17,S,WHT,259,,18.79,52
Women's Raglan Shirt,W-TL-1-F17,M,WHT,291,,18.79,52
Women's Raglan Shirt,W-TL-1-F17,L,WHT,172,,18.79,52
Women's Raglan Shirt,W-TL-1-F17,XL,WHT,104,,18.79,52
Women's Raglan Shirt,W-TL-1-F17,XS,HRD,28,,18.79,52
Women's Raglan Shirt,W-TL-1-F17,S,HRD,44,,18.79,52
Women's Raglan Shirt,W-TL-1-F17,M,HRD,54,,18.79,52
Women's Raglan Shirt,W-TL-1-F17,L,HRD,30,,18.79,52
Women's Raglan Shirt,W-TL-1-F17,XL,HRD,16,,18.79,52
Women's Raglan Shirt,W-TL-1-F17,XS,TWL,46,,18.79,52
Women's Raglan Shirt,W-TL-1-F17,S,TWL,80,,18.79,52
Women's Raglan Shirt,W-TL-1-F17,M,TWL,90,,18.79,52
Women's Raglan Shirt,W-TL-1-F17,L,TWL,60,,18.79,52
Women's Raglan Shirt,W-TL-1-F17,XL,TWL,30,,18.79,52
Women's Short SLV Shirt,W-TS-1-F17,XS,HNV,150,,17.66,45
Women's Short SLV Shirt,W-TS-1-F17,S,HNV,254,,17.66,45
Women's Short SLV Shirt,W-TS-1-F17,M,HNV,282,,17.66,45
Women's Short SLV Shirt,W-TS-1-F17,L,HNV,191,,17.66,45
Women's Short SLV Shirt,W-TS-1-F17,XL,HNV,120,,17.66,45
Women's Short SLV Shirt,W-TS-1-F17,XS,HGR,130,,17.66,45
Women's Short SLV Shirt,W-TS-1-F17,S,HGR,289,,17.66,45
Women's Short SLV Shirt,W-TS-1-F17,M,HGR,293,,17.66,45
Women's Short SLV Shirt,W-TS-1-F17,L,HGR,186,,17.66,45
Women's Short SLV Shirt,W-TS-1-F17,XL,HGR,102,,17.66,45
Women's Short SLV Shirt,W-TS-1-F17,XS,BLK,139,,17.66,45
Women's Short SLV Shirt,W-TS-1-F17,S,BLK,253,,17.66,45
Women's Short SLV Shirt,W-TS-1-F17,M,BLK,258,,17.66,45
Women's Short SLV Shirt,W-TS-1-F17,L,BLK,179,,17.66,45
Women's Short SLV Shirt,W-TS-1-F17,XL,BLK,128,,17.66,45
Women's Short SLV Shirt,W-TS-1-F17,XS,OML,137,,17.66,45
Women's Short SLV Shirt,W-TS-1-F17,S,OML,257,,17.66,45
Women's Short SLV Shirt,W-TS-1-F17,M,OML,269,,17.66,45
Women's Short SLV Shirt,W-TS-1-F17,L,OML,194,,17.66,45
Women's Short SLV Shirt,W-TS-1-F17,XL,OML,107,,17.66,45
Women's Short SLV Shirt,W-TS-1-F17,XS,TWL,70,,17.66,45
Women's Short SLV Shirt,W-TS-1-F17,S,TWL,140,,17.66,45
Women's Short SLV Shirt,W-TS-1-F17,M,TWL,140,,17.66,45
Women's Short SLV Shirt,W-TS-1-F17,L,TWL,100,,17.66,45
Women's Short SLV Shirt,W-TS-1-F17,XL,TWL,50,,17.66,45
Women's Short SLV Shirt,W-TS-1-F17,XS,HRD,42,,17.66,45
Women's Short SLV Shirt,W-TS-1-F17,S,HRD,80,,17.66,45
Women's Short SLV Shirt,W-TS-1-F17,M,HRD,74,,17.66,45
Women's Short SLV Shirt,W-TS-1-F17,L,HRD,65,,17.66,45
Women's Short SLV Shirt,W-TS-1-F17,XL,HRD,28,,17.66,45
Women's Short SLV Shirt,W-TS-1-F17,XS,WHT,40,,17.66,45
Women's Short SLV Shirt,W-TS-1-F17,S,WHT,54,,17.66,45
Women's Short SLV Shirt,W-TS-1-F17,M,WHT,72,,17.66,45
Women's Short SLV Shirt,W-TS-1-F17,L,WHT,56,,17.66,45
Women's Short SLV Shirt,W-TS-1-F17,XL,WHT,40,,17.66,45
Women's Short SLV Shirt,W-TS-1-F17,XS,BLJ,0,,17.66,45
Women's Short SLV Shirt,W-TS-1-F17,S,BLJ,0,,17.66,45
Women's Short SLV Shirt,W-TS-1-F17,M,BLJ,0,,17.66,45
Women's Short SLV Shirt,W-TS-1-F17,L,BLJ,0,,17.66,45
Women's Short SLV Shirt,W-TS-1-F17,XL,BLJ,0,,17.66,45
Women's Puffer Vest,W-VP-1-F18,XXL,BLK,4,,36,88
Women's Puffer Vest,W-VP-1-F18,XXL,CHR,8,,36,88
Women's Puffer Vest,W-VP-1-F18,XXL,IVR,8,,36,88
Women's Puffer Vest,W-VP-1-F18,XXL,MNV,8,,36,88
Women's Puffer Vest,W-VP-1-F18,XXL,ORG,0,,36,88
Women's Puffer Vest,W-VP-1-F18,XXL,TWL,8,,36,88
Women's Puffer Vest,W-VP-1-F18,XS,BLK,33,,36,88
Women's Puffer Vest,W-VP-1-F18,S,BLK,70,,36,88
Women's Puffer Vest,W-VP-1-F18,M,BLK,81,,36,88
Women's Puffer Vest,W-VP-1-F18,L,BLK,83,,36,88
Women's Puffer Vest,W-VP-1-F18,XL,BLK,8,,36,88
Women's Puffer Vest,W-VP-1-F18,XS,CHR,16,,36,88
Women's Puffer Vest,W-VP-1-F18,S,CHR,37,,36,88
Women's Puffer Vest,W-VP-1-F18,M,CHR,38,,36,88
Women's Puffer Vest,W-VP-1-F18,L,CHR,37,,36,88
Women's Puffer Vest,W-VP-1-F18,XL,CHR,11,,36,88
Women's Puffer Vest,W-VP-1-F18,XS,IVR,40,,36,88
Women's Puffer Vest,W-VP-1-F18,S,IVR,82,,36,88
Women's Puffer Vest,W-VP-1-F18,M,IVR,82,,36,88
Women's Puffer Vest,W-VP-1-F18,L,IVR,87,,36,88
Women's Puffer Vest,W-VP-1-F18,XL,IVR,28,,36,88
Women's Puffer Vest,W-VP-1-F18,XS,TWL,20,,36,88
Women's Puffer Vest,W-VP-1-F18,S,TWL,48,,36,88
Women's Puffer Vest,W-VP-1-F18,M,TWL,49,,36,88
Women's Puffer Vest,W-VP-1-F18,L,TWL,44,,36,88
Women's Puffer Vest,W-VP-1-F18,XL,TWL,16,,36,88
Women's Puffer Vest,W-VP-1-F18,XS,ORG,0,,36,88
Women's Puffer Vest,W-VP-1-F18,S,ORG,0,,36,88
Women's Puffer Vest,W-VP-1-F18,M,ORG,0,,36,88
Women's Puffer Vest,W-VP-1-F18,L,ORG,0,,36,88
Women's Puffer Vest,W-VP-1-F18,XL,ORG,0,,36,88
Women's Puffer Vest,W-VP-1-F18,XS,MNV,24,,36,88
Women's Puffer Vest,W-VP-1-F18,S,MNV,49,,36,88
Women's Puffer Vest,W-VP-1-F18,M,MNV,52,,36,88
Women's Puffer Vest,W-VP-1-F18,L,MNV,47,,36,88
Women's Puffer Vest,W-VP-1-F18,XL,MNV,16,,36,88